,Cement,Blast Furnace Slag,Fly Ash,Water,Superplastic,Coarse Aggregate,Fine Aggregate,Age,Compressive strength
0,54.0,107.40626118067978,108.81465517241375,162.0,2.5,14.0,676.0,28,79.99
1,54.0,107.40626118067978,108.81465517241375,162.0,2.5,155.0,676.0,28,61.89
2,332.5,142.5,108.81465517241375,228.0,8.924116743471586,932.0,594.0,27,4.27
4,198.6,132.4,108.81465517241375,192.0,8.924116743471586,978.4,825.5,36,44.3
5,266.0,114.0,108.81465517241375,228.0,8.924116743471586,932.0,67.0,9,47.3
7,38.0,95.0,108.81465517241375,228.0,8.924116743471586,932.0,594.0,28,36.45
8,266.0,114.0,108.81465517241375,228.0,8.924116743471586,932.0,67.0,28,45.85
9,475.0,107.40626118067978,108.81465517241375,228.0,8.924116743471586,932.0,594.0,28,39.29
10,198.6,132.4,108.81465517241375,192.0,8.924116743471586,978.4,825.5,9,38.74
11,198.6,132.4,108.81465517241375,192.0,8.924116743471586,978.4,825.5,28,28.22
12,230.37981744421856,47.5,108.81465517241375,228.0,8.924116743471586,932.0,594.0,27,43.13
13,19.0,19.0,108.81465517241375,228.0,8.924116743471586,932.0,67.0,9,42.33
14,34.0,76.0,108.81465517241375,228.0,8.924116743471586,932.0,67.0,28,47.81
15,38.0,107.40626118067978,108.81465517241375,228.0,8.924116743471586,932.0,67.0,9,52.98
16,139.6,29.4,108.81465517241375,192.0,8.924116743471586,147.0,86.9,9,39.36
18,38.0,95.0,108.81465517241375,228.0,8.924116743471586,932.0,594.0,9,4.56
19,475.0,107.40626118067978,108.81465517241375,228.0,8.924116743471586,932.0,594.0,18,42.63
20,427.5,47.5,108.81465517241375,228.0,8.924116743471586,932.0,594.0,18,41.84
21,139.6,29.4,108.81465517241375,192.0,8.924116743471586,147.0,86.9,28,28.24
22,139.6,29.4,108.81465517241375,192.0,8.924116743471586,147.0,86.9,3,8.63
23,139.6,29.4,108.81465517241375,192.0,8.924116743471586,147.0,86.9,18,44.28
25,38.0,107.40626118067978,108.81465517241375,228.0,8.924116743471586,932.0,67.0,27,53.36
26,38.0,95.0,108.81465517241375,228.0,8.924116743471586,932.0,594.0,27,41.15
27,342.0,38.0,108.81465517241375,228.0,8.924116743471586,932.0,67.0,18,52.12
28,427.5,47.5,108.81465517241375,228.0,8.924116743471586,932.0,594.0,28,37.43
29,475.0,107.40626118067978,108.81465517241375,228.0,8.924116743471586,932.0,594.0,7,38.64
32,198.6,132.4,108.81465517241375,192.0,8.924116743471586,978.4,825.5,18,41.72
33,475.0,107.40626118067978,108.81465517241375,228.0,8.924116743471586,932.0,594.0,27,42.13
35,237.5,237.5,108.81465517241375,228.0,8.924116743471586,932.0,594.0,27,38.48
37,332.5,142.5,108.81465517241375,228.0,8.924116743471586,932.0,594.0,9,37.72
38,475.0,107.40626118067978,108.81465517241375,228.0,8.924116743471586,932.0,594.0,9,42.23
39,230.37981744421856,237.5,108.81465517241375,228.0,8.924116743471586,932.0,594.0,18,36.25
40,342.0,38.0,108.81465517241375,228.0,8.924116743471586,932.0,67.0,9,5.46
43,38.0,107.40626118067978,108.81465517241375,228.0,8.924116743471586,932.0,67.0,18,53.14
44,427.5,47.5,108.81465517241375,228.0,8.924116743471586,932.0,594.0,9,41.54
45,427.5,47.5,108.81465517241375,228.0,8.924116743471586,932.0,594.0,7,35.76
46,349.0,107.40626118067978,108.81465517241375,192.0,8.924116743471586,147.0,86.9,3,15.49
47,38.0,95.0,108.81465517241375,228.0,8.924116743471586,932.0,594.0,18,4.76
48,237.5,237.5,108.81465517241375,228.0,8.924116743471586,932.0,594.0,7,26.26
49,38.0,95.0,108.81465517241375,228.0,8.924116743471586,932.0,594.0,7,32.82
50,332.5,142.5,108.81465517241375,228.0,8.924116743471586,932.0,594.0,18,39.78
51,19.0,19.0,108.81465517241375,228.0,8.924116743471586,932.0,67.0,18,46.93
52,237.5,237.5,108.81465517241375,228.0,8.924116743471586,932.0,594.0,9,33.12
53,34.0,76.0,108.81465517241375,228.0,8.924116743471586,932.0,67.0,9,49.19
54,139.6,29.4,108.81465517241375,192.0,8.924116743471586,147.0,86.9,7,14.59
55,198.6,132.4,108.81465517241375,192.0,8.924116743471586,978.4,825.5,7,14.64
57,198.6,132.4,108.81465517241375,192.0,8.924116743471586,978.4,825.5,3,9.13
58,34.0,76.0,108.81465517241375,228.0,8.924116743471586,932.0,67.0,18,5.95
59,332.5,142.5,108.81465517241375,228.0,8.924116743471586,932.0,594.0,28,33.2
60,34.0,76.0,108.81465517241375,228.0,8.924116743471586,932.0,67.0,27,54.38
61,266.0,114.0,108.81465517241375,228.0,8.924116743471586,932.0,67.0,27,51.73
62,31.0,107.40626118067978,108.81465517241375,192.0,8.924116743471586,971.0,85.6,3,9.87
63,19.0,19.0,108.81465517241375,228.0,8.924116743471586,932.0,67.0,27,5.66
64,266.0,114.0,108.81465517241375,228.0,8.924116743471586,932.0,67.0,18,48.7
65,230.37981744421856,38.0,108.81465517241375,228.0,8.924116743471586,932.0,67.0,27,55.64
66,139.6,29.4,108.81465517241375,192.0,8.924116743471586,147.0,86.9,36,44.7
67,332.5,142.5,108.81465517241375,228.0,8.924116743471586,932.0,594.0,7,3.28
68,19.0,19.0,108.81465517241375,228.0,8.924116743471586,932.0,67.0,28,4.86
69,485.0,107.40626118067978,108.81465517241375,146.0,8.924116743471586,112.0,8.0,28,71.99
70,374.0,189.2,108.81465517241375,17.1,1.1,926.1,756.7,3,34.4
71,313.3,262.2,108.81465517241375,175.5,8.6,146.9,611.8,3,28.8
72,425.0,16.3,108.81465517241375,153.5,16.5,852.1,887.1,3,33.4
73,425.0,16.3,108.81465517241375,151.4,18.6,936.0,83.7,3,36.39
75,475.0,118.8,108.81465517241375,181.1,8.9,852.1,781.5,3,37.8
77,425.0,16.3,108.81465517241375,153.5,16.5,852.1,887.1,3,33.4
78,388.6,97.1,108.81465517241375,157.9,12.1,852.1,925.7,3,28.96
80,425.0,16.3,108.81465517241375,153.5,16.5,852.1,887.1,3,33.4
81,318.8,212.5,108.81465517241375,155.7,14.3,852.1,88.4,3,25.23
82,41.8,94.7,108.81465517241375,147.4,11.4,946.8,852.1,3,42.0
83,362.6,189.0,108.81465517241375,164.9,11.6,944.7,755.8,3,35.31
85,379.5,151.2,108.81465517241375,153.9,15.9,1134.3,65.0,3,28.6
86,362.6,189.0,108.81465517241375,164.9,11.6,944.7,755.8,3,35.31
87,286.3,2.9,108.81465517241375,144.7,11.2,14.6,83.7,3,24.46
88,362.6,189.0,108.81465517241375,164.9,11.6,944.7,755.8,3,35.31
89,439.0,177.0,108.81465517241375,186.0,11.1,884.9,77.9,3,39.31
91,362.6,189.0,108.81465517241375,164.9,11.6,944.7,755.8,3,35.31
92,337.9,189.0,108.81465517241375,174.9,9.5,944.7,755.8,3,24.97
93,374.0,189.2,108.81465517241375,17.1,1.1,926.1,756.7,7,46.22
94,313.3,262.2,108.81465517241375,175.5,8.6,146.9,611.8,7,42.8
95,230.37981744421856,16.3,108.81465517241375,153.5,16.5,852.1,887.1,7,49.22
96,425.0,16.3,108.81465517241375,151.4,18.6,936.0,83.7,7,46.82
98,475.0,118.8,108.81465517241375,181.1,8.9,852.1,781.5,7,55.6
100,425.0,16.3,108.81465517241375,153.5,16.5,852.1,887.1,7,49.22
101,388.6,97.1,108.81465517241375,157.9,12.1,852.1,925.7,7,34.91
103,425.0,16.3,108.81465517241375,153.5,16.5,852.1,887.1,7,49.22
104,318.8,212.5,108.81465517241375,155.7,14.3,852.1,88.4,7,33.4
105,41.8,94.7,108.81465517241375,147.4,11.4,946.8,852.1,7,54.96
106,362.6,189.0,108.81465517241375,164.9,11.6,944.7,755.8,7,55.9
108,230.37981744421856,151.2,108.81465517241375,153.9,15.9,1134.3,65.0,7,47.98
109,230.37981744421856,189.0,108.81465517241375,164.9,11.6,944.7,755.8,7,55.9
110,230.37981744421856,2.9,108.81465517241375,144.7,11.2,14.6,83.7,7,38.0
111,230.37981744421856,189.0,108.81465517241375,164.9,11.6,944.7,755.8,7,55.9
112,439.0,177.0,108.81465517241375,186.0,11.1,884.9,77.9,7,56.96
114,362.6,189.0,108.81465517241375,164.9,11.6,944.7,755.8,7,22.9
115,337.9,189.0,108.81465517241375,174.9,9.5,944.7,755.8,7,35.11
116,374.0,189.2,108.81465517241375,17.1,1.1,926.1,756.7,28,61.94
117,313.3,262.2,108.81465517241375,175.5,8.6,146.9,611.8,28,59.8
118,230.37981744421856,16.3,108.81465517241375,153.5,16.5,852.1,887.1,28,6.29
119,425.0,16.3,108.81465517241375,151.4,18.6,936.0,83.7,28,61.8
121,475.0,118.8,108.81465517241375,181.1,8.9,852.1,781.5,28,68.3
123,425.0,16.3,108.81465517241375,153.5,16.5,852.1,887.1,28,6.29
124,388.6,97.1,108.81465517241375,157.9,12.1,852.1,925.7,28,5.7
126,425.0,16.3,108.81465517241375,153.5,16.5,852.1,887.1,28,6.29
127,318.8,212.5,108.81465517241375,155.7,14.3,852.1,88.4,28,55.5
128,41.8,94.7,108.81465517241375,147.4,11.4,946.8,852.1,28,68.5
129,362.6,189.0,108.81465517241375,164.9,11.6,944.7,755.8,28,71.3
131,379.5,151.2,108.81465517241375,153.9,15.9,1134.3,65.0,28,52.22
132,362.6,189.0,108.81465517241375,164.9,11.6,944.7,755.8,28,71.3
133,286.3,2.9,108.81465517241375,144.7,11.2,14.6,83.7,28,67.7
134,362.6,189.0,108.81465517241375,164.9,11.6,944.7,755.8,28,71.3
135,439.0,177.0,108.81465517241375,186.0,11.1,884.9,77.9,28,66.0
137,362.6,189.0,108.81465517241375,164.9,11.6,944.7,755.8,28,71.3
138,337.9,189.0,108.81465517241375,174.9,9.5,944.7,755.8,28,49.9
139,374.0,189.2,108.81465517241375,17.1,1.1,926.1,756.7,56,63.4
140,313.3,262.2,108.81465517241375,175.5,8.6,146.9,611.8,56,64.94
141,425.0,16.3,108.81465517241375,153.5,16.5,852.1,887.1,56,64.35
142,425.0,16.3,108.81465517241375,151.4,18.6,936.0,83.7,56,64.94
144,475.0,118.8,108.81465517241375,181.1,8.9,852.1,781.5,56,72.3
146,230.37981744421856,16.3,108.81465517241375,153.5,16.5,852.1,887.1,56,64.35
147,388.6,97.1,108.81465517241375,157.9,12.1,852.1,925.7,56,55.2
149,425.0,16.3,108.81465517241375,153.5,16.5,852.1,887.1,56,64.35
150,318.8,212.5,108.81465517241375,155.7,14.3,852.1,88.4,56,66.16
151,41.8,94.7,108.81465517241375,147.4,11.4,946.8,852.1,56,73.7
152,362.6,189.0,108.81465517241375,164.9,11.6,944.7,755.8,56,77.3
154,379.5,151.2,108.81465517241375,153.9,15.9,1134.3,65.0,56,54.9
155,362.6,189.0,108.81465517241375,164.9,11.6,944.7,755.8,56,77.3
156,230.37981744421856,2.9,108.81465517241375,144.7,11.2,14.6,83.7,56,72.99
157,362.6,189.0,108.81465517241375,164.9,11.6,944.7,755.8,56,77.3
158,439.0,177.0,108.81465517241375,186.0,11.1,884.9,77.9,56,71.7
160,362.6,189.0,108.81465517241375,164.9,11.6,944.7,755.8,56,77.3
161,337.9,189.0,108.81465517241375,174.9,9.5,944.7,755.8,56,59.89
162,230.37981744421856,189.2,108.81465517241375,17.1,1.1,926.1,756.7,91,64.94
163,313.3,262.2,108.81465517241375,175.5,8.6,146.9,611.8,91,66.6
164,425.0,16.3,108.81465517241375,153.5,16.5,852.1,887.1,91,65.2
165,425.0,16.3,108.81465517241375,151.4,18.6,936.0,83.7,91,66.7
167,475.0,118.8,108.81465517241375,181.1,8.9,852.1,781.5,91,74.19
169,425.0,16.3,108.81465517241375,153.5,16.5,852.1,887.1,91,65.2
170,388.6,97.1,108.81465517241375,157.9,12.1,852.1,925.7,91,57.6
172,425.0,16.3,108.81465517241375,153.5,16.5,852.1,887.1,91,65.2
173,318.8,212.5,108.81465517241375,155.7,14.3,852.1,88.4,91,69.0
174,41.8,94.7,108.81465517241375,147.4,11.4,946.8,852.1,91,75.5
175,362.6,189.0,108.81465517241375,164.9,11.6,944.7,755.8,91,79.3
176,379.5,151.2,108.81465517241375,153.9,15.9,1134.3,65.0,91,56.5
177,362.6,189.0,108.81465517241375,164.9,11.6,944.7,755.8,91,79.3
178,286.3,2.9,108.81465517241375,144.7,11.2,14.6,83.7,91,76.87
179,362.6,189.0,108.81465517241375,164.9,11.6,944.7,755.8,91,79.3
180,439.0,177.0,108.81465517241375,186.0,11.1,884.9,77.9,91,73.3
182,362.6,189.0,108.81465517241375,164.9,11.6,944.7,755.8,91,79.3
183,337.9,189.0,108.81465517241375,174.9,9.5,944.7,755.8,91,67.8
184,222.4,107.40626118067978,96.7,189.3,4.5,967.8,87.3,3,11.58
185,222.4,107.40626118067978,96.7,189.3,4.5,967.8,87.3,14,24.45
186,222.4,107.40626118067978,96.7,189.3,4.5,967.8,87.3,28,24.9
187,222.4,107.40626118067978,96.7,189.3,4.5,967.8,87.3,56,29.45
188,222.4,107.40626118067978,96.7,189.3,4.5,967.8,87.3,1,4.71
189,233.8,107.40626118067978,94.6,197.9,4.6,947.4,852.2,3,1.38
190,233.8,107.40626118067978,94.6,197.9,4.6,947.4,852.2,14,22.14
191,233.8,107.40626118067978,94.6,197.9,4.6,947.4,852.2,28,22.84
192,233.8,107.40626118067978,94.6,197.9,4.6,947.4,852.2,56,27.66
193,233.8,107.40626118067978,94.6,197.9,4.6,947.4,852.2,1,34.56
199,19.7,107.40626118067978,125.4,162.1,7.8,19.0,84.1,3,15.44
200,19.7,107.40626118067978,125.4,162.1,7.8,19.0,84.1,14,21.63
201,19.7,107.40626118067978,125.4,162.1,7.8,19.0,84.1,28,26.44
202,19.7,107.40626118067978,125.4,162.1,7.8,19.0,84.1,56,35.34
203,19.7,107.40626118067978,125.4,162.1,7.8,19.0,84.1,1,4.57
204,212.7,107.40626118067978,121.6,18.3,5.7,157.6,779.3,3,12.47
205,212.7,107.40626118067978,121.6,18.3,5.7,157.6,779.3,14,2.92
206,212.7,107.40626118067978,121.6,18.3,5.7,157.6,779.3,28,24.94
207,212.7,107.40626118067978,121.6,18.3,5.7,157.6,779.3,56,34.25
208,212.7,107.40626118067978,121.6,18.3,5.7,157.6,779.3,1,39.61
209,230.0,107.40626118067978,118.3,195.5,4.6,129.4,758.6,3,1318758.0
210,230.0,107.40626118067978,118.3,195.5,4.6,129.4,758.6,14,28443588.0
211,230.0,107.40626118067978,118.3,195.5,4.6,129.4,758.6,28,24.48
212,230.0,107.40626118067978,118.3,195.5,4.6,129.4,758.6,56,31.54
213,230.0,107.40626118067978,118.3,195.5,4.6,129.4,758.6,1,35.34
214,19.3,107.40626118067978,125.2,161.9,9.9,188.1,82.6,3,9.45
215,19.3,107.40626118067978,125.2,161.9,9.9,188.1,82.6,14,22.72
216,19.3,107.40626118067978,125.2,161.9,9.9,188.1,82.6,28,28.47
217,19.3,107.40626118067978,125.2,161.9,9.9,188.1,82.6,56,38.56
218,19.3,107.40626118067978,125.2,161.9,9.9,188.1,82.6,1,4.39
219,166.9,107.40626118067978,163.3,176.5,4.5,158.6,789.0,3,1.76
220,166.9,107.40626118067978,163.3,176.5,4.5,158.6,789.0,14,25.48
221,230.37981744421856,107.40626118067978,163.3,176.5,4.5,158.6,789.0,28,21.54
222,166.9,107.40626118067978,163.3,176.5,4.5,158.6,789.0,56,28.63
223,166.9,107.40626118067978,163.3,176.5,4.5,158.6,789.0,1,33.54
224,168.0,42.8,163.8,121.8,5.7,158.7,78.1,3,7.75
225,168.0,42.8,163.8,121.8,5.7,158.7,78.1,14,17.82
226,168.0,42.8,163.8,121.8,5.7,158.7,78.1,28,24.24
227,168.0,42.8,163.8,121.8,5.7,158.7,78.1,56,32.85
228,168.0,42.8,163.8,121.8,5.7,158.7,78.1,1,39.23
229,213.7,98.5,24.5,181.7,6.9,165.8,785.4,3,18.0
230,213.7,98.5,24.5,181.7,6.9,165.8,785.4,14,3.39
231,230.37981744421856,98.5,24.5,181.7,6.9,165.8,785.4,28,45.75
232,230.37981744421856,98.5,24.5,181.7,6.9,165.8,785.4,56,5.77
233,230.37981744421856,98.5,24.5,181.7,6.9,165.8,785.4,1,53.93
234,230.37981744421856,98.6,24.5,181.7,6.7,166.0,785.5,3,13.18
235,213.8,98.6,24.5,181.7,6.7,166.0,785.5,14,17.84
236,213.8,98.6,24.5,181.7,6.7,166.0,785.5,28,4.24
237,213.8,98.6,24.5,181.7,6.7,166.0,785.5,56,47.13
238,213.8,98.6,24.5,181.7,6.7,166.0,785.5,1,49.97
239,229.7,107.40626118067978,118.2,195.2,6.1,128.1,757.6,3,13.36
240,229.7,107.40626118067978,118.2,195.2,6.1,128.1,757.6,14,22.32
241,229.7,107.40626118067978,118.2,195.2,6.1,128.1,757.6,28,24.54
242,229.7,107.40626118067978,118.2,195.2,6.1,128.1,757.6,56,31.35
243,229.7,107.40626118067978,118.2,195.2,6.1,128.1,757.6,1,4.86
244,238.5,107.40626118067978,94.1,186.7,7.0,949.9,847.1,3,19.93
245,238.5,107.40626118067978,94.1,186.7,7.0,949.9,847.1,14,25.69
246,238.5,107.40626118067978,94.1,186.7,7.0,949.9,847.1,28,3.23
247,238.5,107.40626118067978,94.1,186.7,7.0,949.9,847.1,56,39.59
248,238.5,107.40626118067978,94.1,186.7,7.0,949.9,847.1,1,44.3
249,25.0,107.40626118067978,95.7,187.4,5.5,956.9,861.2,3,13.82
250,25.0,107.40626118067978,95.7,187.4,5.5,956.9,861.2,14,24.92
251,25.0,107.40626118067978,95.7,187.4,5.5,956.9,861.2,28,29.22
252,25.0,107.40626118067978,95.7,187.4,5.5,956.9,861.2,56,38.33
253,25.0,107.40626118067978,95.7,187.4,5.5,956.9,861.2,1,42.35
264,212.0,107.40626118067978,124.8,159.0,7.8,185.4,799.5,3,19.52
265,212.0,107.40626118067978,124.8,159.0,7.8,185.4,799.5,14,31.35
266,212.0,107.40626118067978,124.8,159.0,7.8,185.4,799.5,28,38.53
267,212.0,107.40626118067978,124.8,159.0,7.8,185.4,799.5,56,45.85
268,212.0,107.40626118067978,124.8,159.0,7.8,185.4,799.5,1,47.82
269,231.8,107.40626118067978,121.6,174.0,6.7,156.4,778.5,3,15.44
270,231.8,107.40626118067978,121.6,174.0,6.7,156.4,778.5,14,26.77
271,231.8,107.40626118067978,121.6,174.0,6.7,156.4,778.5,28,33.73
272,231.8,107.40626118067978,121.6,174.0,6.7,156.4,778.5,56,42.7
273,230.37981744421856,107.40626118067978,121.6,174.0,6.7,156.4,778.5,1,45.84
274,251.4,107.40626118067978,118.3,188.5,5.8,128.4,757.7,3,17.22
275,251.4,107.40626118067978,118.3,188.5,5.8,128.4,757.7,14,29.93
276,251.4,107.40626118067978,118.3,188.5,5.8,128.4,757.7,28,29.65
277,251.4,107.40626118067978,118.3,188.5,5.8,128.4,757.7,56,36.97
278,251.4,107.40626118067978,118.3,188.5,5.8,128.4,757.7,1,43.58
279,251.4,107.40626118067978,118.3,188.5,6.4,128.4,757.7,3,13.13
280,251.4,107.40626118067978,118.3,188.5,6.4,128.4,757.7,14,24.43
281,251.4,107.40626118067978,118.3,188.5,6.4,128.4,757.7,28,32.66
282,251.4,107.40626118067978,118.3,188.5,6.4,128.4,757.7,56,36.64
283,251.4,107.40626118067978,118.3,188.5,6.4,128.4,757.7,1,44.29
284,181.4,107.40626118067978,167.1,169.6,7.6,155.6,777.8,3,13.62
285,181.4,107.40626118067978,167.1,169.6,7.6,155.6,777.8,14,21.61
286,181.4,107.40626118067978,167.1,169.6,7.6,155.6,777.8,28,27.77
287,181.4,107.40626118067978,167.1,169.6,7.6,155.6,777.8,56,35.58
288,181.4,107.40626118067978,167.1,169.6,7.6,155.6,777.8,1,45.37
289,182.4,45.2,122.0,17.2,8.2,159.4,78.7,3,7.32
290,182.4,45.2,122.0,17.2,8.2,159.4,78.7,14,21.55
291,182.4,45.2,122.0,17.2,8.2,159.4,78.7,28,31.27
292,182.4,45.2,122.0,17.2,8.2,159.4,78.7,56,43.5
293,182.4,45.2,122.0,17.2,8.2,159.4,78.7,1,48.67
294,168.9,42.2,124.3,158.3,1.8,18.8,796.2,3,7.4
295,168.9,42.2,124.3,158.3,1.8,18.8,796.2,14,23.51
296,168.9,42.2,124.3,158.3,1.8,18.8,796.2,28,31.12
297,168.9,42.2,124.3,158.3,1.8,18.8,796.2,56,39.15
298,168.9,42.2,124.3,158.3,1.8,18.8,796.2,1,48.15
299,29.4,107.40626118067978,96.2,168.8,9.4,961.2,865.0,3,22.54
300,29.4,107.40626118067978,96.2,168.8,9.4,961.2,865.0,14,34.67
301,29.4,107.40626118067978,96.2,168.8,9.4,961.2,865.0,28,34.74
302,29.4,107.40626118067978,96.2,168.8,9.4,961.2,865.0,56,45.85
303,29.4,107.40626118067978,96.2,168.8,9.4,961.2,865.0,1,48.97
304,277.5,107.40626118067978,97.4,16.6,11.8,973.9,875.6,3,23.14
305,277.5,107.40626118067978,97.4,16.6,11.8,973.9,875.6,14,41.89
306,277.5,107.40626118067978,97.4,16.6,11.8,973.9,875.6,28,48.28
307,277.5,107.40626118067978,97.4,16.6,11.8,973.9,875.6,56,51.35
308,277.5,107.40626118067978,97.4,16.6,11.8,973.9,875.6,1,55.65
309,295.7,107.40626118067978,95.6,171.5,8.9,955.1,859.2,3,22.95
310,295.7,107.40626118067978,95.6,171.5,8.9,955.1,859.2,14,35.23
311,295.7,107.40626118067978,95.6,171.5,8.9,955.1,859.2,28,39.94
312,295.7,107.40626118067978,95.6,171.5,8.9,955.1,859.2,56,48.72
313,295.7,107.40626118067978,95.6,171.5,8.9,955.1,859.2,1,52.42
314,251.8,107.40626118067978,99.9,146.1,12.4,16.0,899.8,3,21.22
315,251.8,107.40626118067978,99.9,146.1,12.4,16.0,899.8,14,33.36
316,251.8,107.40626118067978,99.9,146.1,12.4,16.0,899.8,28,33.94
317,251.8,107.40626118067978,99.9,146.1,12.4,16.0,899.8,56,44.14
318,251.8,107.40626118067978,99.9,146.1,12.4,16.0,899.8,1,45.37
319,249.1,107.40626118067978,98.8,158.1,12.8,987.8,889.1,3,15.36
320,249.1,107.40626118067978,98.8,158.1,12.8,987.8,889.1,14,28.68
321,249.1,107.40626118067978,98.8,158.1,12.8,987.8,889.1,28,3.85
322,230.37981744421856,107.40626118067978,98.8,158.1,12.8,987.8,889.1,56,42.35
323,249.1,107.40626118067978,98.8,158.1,12.8,987.8,889.1,1,51.56
324,252.3,107.40626118067978,98.8,146.3,14.2,987.8,889.1,3,21.79
325,252.3,107.40626118067978,98.8,146.3,14.2,987.8,889.1,14,42.29
326,252.3,107.40626118067978,98.8,146.3,14.2,987.8,889.1,28,5.66
327,252.3,107.40626118067978,98.8,146.3,14.2,987.8,889.1,56,55.83
328,252.3,107.40626118067978,98.8,146.3,14.2,987.8,889.1,1,6.95
329,246.8,107.40626118067978,125.8,143.3,12.0,186.8,8.9,3,23.52
330,246.8,107.40626118067978,125.8,143.3,12.0,186.8,8.9,14,42.22
331,246.8,107.40626118067978,125.8,143.3,12.0,186.8,8.9,28,52.54
332,246.8,107.40626118067978,125.8,143.3,12.0,186.8,8.9,56,6.32
333,246.8,107.40626118067978,125.8,143.3,12.0,186.8,8.9,1,66.42
334,275.7,107.40626118067978,121.4,159.5,9.9,153.6,777.5,3,23.87
335,275.7,107.40626118067978,121.4,159.5,9.9,153.6,777.5,14,38.77
336,275.7,107.40626118067978,121.4,159.5,9.9,153.6,777.5,28,51.33
337,275.7,107.40626118067978,121.4,159.5,9.9,153.6,777.5,56,56.85
338,275.7,107.40626118067978,121.4,159.5,9.9,153.6,777.5,1,58.65
339,230.37981744421856,107.40626118067978,117.5,174.8,9.5,122.8,753.5,3,21.91
340,297.2,107.40626118067978,117.5,174.8,9.5,122.8,753.5,14,36.99
341,297.2,107.40626118067978,117.5,174.8,9.5,122.8,753.5,28,47.41
342,297.2,107.40626118067978,117.5,174.8,9.5,122.8,753.5,56,51.96
343,297.2,107.40626118067978,117.5,174.8,9.5,122.8,753.5,1,56.74
344,213.7,107.40626118067978,174.7,154.8,1.2,153.5,776.4,3,17.57
345,213.7,107.40626118067978,174.7,154.8,1.2,153.5,776.4,14,33.73
346,213.7,107.40626118067978,174.7,154.8,1.2,153.5,776.4,28,4.15
347,213.7,107.40626118067978,174.7,154.8,1.2,153.5,776.4,56,46.64
349,213.5,107.40626118067978,174.2,154.6,11.7,152.3,775.5,3,17.37
350,213.5,107.40626118067978,174.2,154.6,11.7,152.3,775.5,14,33.72
351,213.5,107.40626118067978,174.2,154.6,11.7,152.3,775.5,28,45.94
352,213.5,107.40626118067978,174.2,154.6,11.7,152.3,775.5,56,51.43
353,213.5,107.40626118067978,174.2,154.6,11.7,152.3,775.5,1,59.32
354,277.2,97.8,24.5,16.7,11.2,161.7,782.5,3,3.45
355,277.2,97.8,24.5,16.7,11.2,161.7,782.5,14,47.71
356,277.2,97.8,24.5,16.7,11.2,161.7,782.5,28,63.14
357,277.2,97.8,24.5,16.7,11.2,161.7,782.5,56,66.82
358,277.2,97.8,24.5,16.7,11.2,161.7,782.5,1,66.95
359,218.2,54.6,123.8,14.8,11.9,175.7,792.7,3,27.42
360,218.2,54.6,123.8,14.8,11.9,175.7,792.7,14,35.96
361,230.37981744421856,54.6,123.8,14.8,11.9,175.7,792.7,28,55.6
362,218.2,54.6,123.8,14.8,11.9,175.7,792.7,56,62.0
363,218.2,54.6,123.8,14.8,11.9,175.7,792.7,1,63.53
364,214.9,53.8,121.9,155.6,9.6,114.3,78.6,3,18.17
365,214.9,53.8,121.9,155.6,9.6,114.3,78.6,14,38.64
366,214.9,53.8,121.9,155.6,9.6,114.3,78.6,28,52.22
367,214.9,53.8,121.9,155.6,9.6,114.3,78.6,56,53.96
368,214.9,53.8,121.9,155.6,9.6,114.3,78.6,1,56.63
369,218.9,107.40626118067978,124.1,158.5,11.3,178.7,794.9,3,15.35
370,218.9,107.40626118067978,124.1,158.5,11.3,178.7,794.9,14,26.48
371,218.9,107.40626118067978,124.1,158.5,11.3,178.7,794.9,28,3.22
372,218.9,107.40626118067978,124.1,158.5,11.3,178.7,794.9,56,37.27
373,218.9,107.40626118067978,124.1,158.5,11.3,178.7,794.9,1,46.23
374,376.0,107.40626118067978,108.81465517241375,214.6,8.924116743471586,13.5,762.4,3,16.28
375,376.0,107.40626118067978,108.81465517241375,214.6,8.924116743471586,13.5,762.4,14,25.63
376,376.0,107.40626118067978,108.81465517241375,214.6,8.924116743471586,13.5,762.4,28,31.97
377,376.0,107.40626118067978,108.81465517241375,214.6,8.924116743471586,13.5,762.4,56,36.39
378,376.0,107.40626118067978,108.81465517241375,214.6,8.924116743471586,13.5,762.4,1,43.58
379,5.0,107.40626118067978,108.81465517241375,14.0,4.0,966.0,853.0,28,67.57
380,475.0,107.40626118067978,59.0,142.0,1.9,198.0,641.0,28,57.23
381,230.37981744421856,137.0,108.81465517241375,145.0,5.9,113.0,745.0,28,81.75
383,230.37981744421856,107.40626118067978,108.81465517241375,165.0,11.3,13.0,745.0,28,78.82
384,230.37981744421856,107.40626118067978,108.81465517241375,162.0,8.2,81.0,82.0,28,41.37
385,230.37981744421856,107.40626118067978,108.81465517241375,17.0,5.2,855.0,855.0,28,6.29
386,230.37981744421856,107.40626118067978,108.81465517241375,185.0,6.9,92.0,72.0,28,56.83
387,230.37981744421856,107.40626118067978,108.81465517241375,175.0,5.2,87.0,85.0,28,51.21
388,230.37981744421856,107.40626118067978,136.0,158.0,2.0,93.0,768.0,28,55.55
389,230.37981744421856,107.40626118067978,108.81465517241375,2.0,3.0,1124.4,613.2,28,44.13
390,230.37981744421856,5.0,108.81465517241375,2.0,3.0,1124.4,613.2,28,39.38
391,397.0,17.2,158.0,167.0,2.8,967.0,633.0,28,55.65
392,333.0,17.5,163.0,167.0,17.9,996.0,652.0,28,47.28
393,334.0,17.6,158.0,189.0,15.3,967.0,633.0,28,44.33
394,45.0,107.40626118067978,108.81465517241375,175.0,8.924116743471586,112.0,695.0,28,52.34
395,2.0,2.0,108.81465517241375,19.0,8.924116743471586,1145.0,66.0,28,49.25
396,516.0,107.40626118067978,108.81465517241375,162.0,8.3,81.0,82.0,28,41.37
397,145.0,116.0,119.0,184.0,5.7,833.0,88.0,28,29.16
398,16.0,128.0,122.0,182.0,6.4,824.0,879.0,28,39.4
399,234.0,156.0,108.81465517241375,189.0,5.9,981.0,76.0,28,39.31
400,25.0,18.0,95.0,159.0,9.5,86.0,8.0,28,67.87
401,475.0,107.40626118067978,108.81465517241375,162.0,9.5,144.0,662.0,28,58.52
402,285.0,19.0,108.81465517241375,163.0,7.6,131.0,685.0,28,53.58
403,356.0,119.0,108.81465517241375,16.0,9.3,161.0,657.0,28,59.0
404,275.0,18.0,12.0,162.0,1.4,83.0,765.0,28,76.24
405,5.0,107.40626118067978,108.81465517241375,151.0,9.0,133.0,655.0,28,69.84
406,165.0,2.0,143.6,163.8,8.924116743471586,15.6,9.9,3,14.4
407,165.0,128.5,132.1,175.6,8.8,15.8,746.6,3,19.42
408,178.3,129.8,118.6,179.9,3.6,17.3,746.8,3,2.73
409,167.4,129.9,128.6,175.5,7.8,16.3,746.6,3,14.95
410,172.4,13.6,172.4,156.8,4.1,16.3,856.4,3,21.29
411,173.5,55.0,173.5,164.8,6.5,16.2,793.5,3,23.77
412,167.0,75.4,167.0,164.3,7.9,17.3,77.1,3,15.52
413,173.8,93.4,159.9,172.3,9.7,17.2,746.6,3,15.82
414,19.3,107.40626118067978,125.2,166.6,9.9,179.0,798.9,3,12.55
415,25.0,107.40626118067978,95.7,191.8,5.3,948.9,857.2,3,8.49
416,213.5,107.40626118067978,174.2,159.2,11.7,143.6,771.9,3,15.7
418,251.4,107.40626118067978,118.3,192.9,5.8,143.6,754.3,3,11.98
419,165.0,2.0,143.6,163.8,8.924116743471586,15.6,9.9,14,16.88
420,165.0,128.5,132.1,175.6,8.8,15.8,746.6,14,33.88
421,178.3,129.8,118.6,179.9,3.6,17.3,746.8,14,34.24
422,167.4,129.9,128.6,175.5,7.8,16.3,746.6,14,31.81
423,172.4,13.6,172.4,156.8,4.1,16.3,856.4,14,29.76
424,173.5,55.0,173.5,164.8,6.5,16.2,793.5,14,33.52
425,167.0,75.4,167.0,164.3,7.9,17.3,77.1,14,32.92
426,173.8,93.4,159.9,172.3,9.7,17.2,746.6,14,29.56
427,230.37981744421856,107.40626118067978,125.2,166.6,9.9,179.0,798.9,14,19.42
428,25.0,107.40626118067978,95.7,191.8,5.3,948.9,857.2,14,24.66
429,213.5,107.40626118067978,174.2,159.2,11.7,143.6,771.9,14,29.59
431,251.4,107.40626118067978,118.3,192.9,5.8,143.6,754.3,14,2.73
432,165.0,2.0,143.6,163.8,8.924116743471586,15.6,9.9,28,26.29
433,165.0,128.5,132.1,175.6,8.8,15.8,746.6,28,46.39
434,178.3,129.8,118.6,179.9,3.6,17.3,746.8,28,39.16
435,167.4,129.9,128.6,175.5,7.8,16.3,746.6,28,41.24
436,172.4,13.6,172.4,156.8,4.1,16.3,856.4,28,33.69
437,173.5,55.0,173.5,164.8,6.5,16.2,793.5,28,38.24
438,167.0,75.4,167.0,164.3,7.9,17.3,77.1,28,41.5
439,173.8,93.4,159.9,172.3,9.7,17.2,746.6,28,37.82
440,19.3,107.40626118067978,125.2,166.6,9.9,179.0,798.9,28,24.85
441,25.0,107.40626118067978,95.7,191.8,5.3,948.9,857.2,28,27.23
442,213.5,107.40626118067978,174.2,159.2,11.7,143.6,771.9,28,44.64
444,251.4,107.40626118067978,118.3,192.9,5.8,143.6,754.3,28,33.27
445,165.0,2.0,143.6,163.8,8.924116743471586,15.6,9.9,56,36.56
446,165.0,128.5,132.1,175.6,8.8,15.8,746.6,56,53.72
447,178.3,129.8,118.6,179.9,3.6,17.3,746.8,56,48.59
448,167.4,129.9,128.6,175.5,7.8,16.3,746.6,56,51.72
449,172.4,13.6,172.4,156.8,4.1,16.3,856.4,56,35.85
450,230.37981744421856,55.0,173.5,164.8,6.5,16.2,793.5,56,53.77
451,167.0,75.4,167.0,164.3,7.9,17.3,77.1,56,53.46
452,173.8,93.4,159.9,172.3,9.7,17.2,746.6,56,48.99
453,19.3,107.40626118067978,125.2,166.6,9.9,179.0,798.9,56,31.72
454,25.0,107.40626118067978,95.7,191.8,5.3,948.9,857.2,56,39.64
455,213.5,107.40626118067978,174.2,159.2,11.7,143.6,771.9,56,51.26
457,251.4,107.40626118067978,118.3,192.9,5.8,143.6,754.3,56,39.27
458,165.0,2.0,143.6,163.8,8.924116743471586,15.6,9.9,1,37.96
459,165.0,128.5,132.1,175.6,8.8,15.8,746.6,1,55.22
460,178.3,129.8,118.6,179.9,3.6,17.3,746.8,1,49.99
461,167.4,129.9,128.6,175.5,7.8,16.3,746.6,1,53.66
462,172.4,13.6,172.4,156.8,4.1,16.3,856.4,1,37.68
463,173.5,55.0,173.5,164.8,6.5,16.2,793.5,1,56.61
464,167.0,75.4,167.0,164.3,7.9,17.3,77.1,1,56.81
465,173.8,93.4,159.9,172.3,9.7,17.2,746.6,1,5.94
466,19.3,107.40626118067978,125.2,166.6,9.9,179.0,798.9,1,33.56
467,25.0,107.40626118067978,95.7,191.8,5.3,948.9,857.2,1,41.16
468,230.37981744421856,107.40626118067978,174.2,159.2,11.7,143.6,771.9,1,52.96
470,251.4,107.40626118067978,118.3,192.9,5.8,143.6,754.3,1,4.15
471,446.0,24.0,79.0,162.0,11.6,967.0,712.0,28,57.27
472,446.0,24.0,79.0,162.0,11.6,967.0,712.0,28,44.42
473,446.0,24.0,79.0,162.0,11.6,967.0,712.0,28,51.21
474,446.0,24.0,79.0,162.0,1.3,967.0,712.0,28,53.39
475,446.0,24.0,79.0,162.0,11.6,967.0,712.0,3,35.36
476,446.0,24.0,79.0,162.0,11.6,967.0,712.0,3,25.22
477,446.0,24.0,79.0,162.0,11.6,967.0,712.0,3,23.35
478,446.0,24.0,79.0,162.0,11.6,967.0,712.0,7,52.72
479,446.0,24.0,79.0,162.0,11.6,967.0,712.0,7,38.18
480,446.0,24.0,79.0,162.0,11.6,967.0,712.0,7,39.31
481,446.0,24.0,79.0,162.0,11.6,967.0,712.0,56,61.67
482,446.0,24.0,79.0,162.0,11.6,967.0,712.0,56,56.14
483,230.37981744421856,24.0,79.0,162.0,11.6,967.0,712.0,56,55.25
484,446.0,24.0,79.0,162.0,1.3,967.0,712.0,56,54.77
485,387.0,2.0,94.0,157.0,14.3,938.0,845.0,28,5.24
486,387.0,2.0,94.0,157.0,13.9,938.0,845.0,28,46.68
487,387.0,2.0,94.0,157.0,11.6,938.0,845.0,28,46.68
488,387.0,2.0,94.0,157.0,14.3,938.0,845.0,3,22.75
489,387.0,2.0,94.0,157.0,13.9,938.0,845.0,3,25.52
490,387.0,2.0,94.0,157.0,11.6,938.0,845.0,3,34.77
491,387.0,2.0,94.0,157.0,14.3,938.0,845.0,7,36.84
492,387.0,2.0,94.0,157.0,13.9,938.0,845.0,7,45.9
493,387.0,2.0,94.0,157.0,11.6,938.0,845.0,7,41.67
494,387.0,2.0,94.0,157.0,14.3,938.0,845.0,56,56.34
495,387.0,2.0,94.0,157.0,13.9,938.0,845.0,56,47.97
496,387.0,2.0,94.0,157.0,11.6,938.0,845.0,56,61.46
497,355.0,19.0,97.0,145.0,13.1,967.0,871.0,28,44.3
498,355.0,19.0,97.0,145.0,12.3,967.0,871.0,28,55.45
499,491.0,26.0,123.0,21.0,3.9,882.0,699.0,28,55.55
500,491.0,26.0,123.0,21.0,3.9,822.0,699.0,28,57.92
501,491.0,26.0,123.0,21.0,3.9,882.0,699.0,3,25.69
502,491.0,26.0,123.0,21.0,3.9,882.0,699.0,7,33.49
503,491.0,26.0,123.0,21.0,3.9,882.0,699.0,56,59.59
504,491.0,26.0,123.0,21.0,3.9,822.0,699.0,3,29.55
505,491.0,26.0,123.0,21.0,3.9,822.0,699.0,7,37.92
506,491.0,26.0,123.0,21.0,3.9,822.0,699.0,56,61.86
507,424.0,22.0,132.0,178.0,8.5,822.0,75.0,28,62.53
508,424.0,22.0,132.0,178.0,8.5,882.0,75.0,3,32.11
509,424.0,22.0,132.0,168.0,8.9,822.0,75.0,28,72.99
510,424.0,22.0,132.0,178.0,8.5,822.0,75.0,7,39.46
511,424.0,22.0,132.0,178.0,8.5,822.0,75.0,56,65.7
512,424.0,22.0,132.0,168.0,8.9,822.0,75.0,3,32.2
513,424.0,22.0,132.0,168.0,8.9,822.0,75.0,7,4.29
514,424.0,22.0,132.0,168.0,8.9,822.0,75.0,56,74.36
515,22.0,11.0,141.0,26.0,1.7,942.0,81.0,28,21.97
516,22.0,11.0,141.0,26.0,1.7,942.0,81.0,3,9.85
517,22.0,11.0,141.0,26.0,1.7,942.0,81.0,7,15.7
518,22.0,11.0,141.0,26.0,1.7,942.0,81.0,56,23.25
519,284.0,15.0,141.0,179.0,5.5,842.0,81.0,28,43.73
520,284.0,15.0,141.0,179.0,5.5,842.0,81.0,3,13.4
521,284.0,15.0,141.0,179.0,5.5,842.0,81.0,7,24.13
522,284.0,15.0,141.0,179.0,5.5,842.0,81.0,56,44.52
523,359.0,19.0,141.0,154.0,1.9,942.0,81.0,28,62.94
524,359.0,19.0,141.0,154.0,1.9,942.0,81.0,28,59.49
525,359.0,19.0,141.0,154.0,1.9,942.0,81.0,3,25.12
526,359.0,19.0,141.0,154.0,1.9,942.0,81.0,3,23.64
527,359.0,19.0,141.0,154.0,1.9,942.0,81.0,7,35.75
528,359.0,19.0,141.0,154.0,1.9,942.0,81.0,7,38.62
529,359.0,19.0,141.0,154.0,1.9,942.0,81.0,56,68.76
530,359.0,19.0,141.0,154.0,1.9,942.0,81.0,56,66.79
531,436.0,107.40626118067978,108.81465517241375,218.0,8.924116743471586,838.4,719.7,28,23.85
532,289.0,107.40626118067978,108.81465517241375,192.0,8.924116743471586,913.2,895.3,9,32.68
533,289.0,107.40626118067978,108.81465517241375,192.0,8.924116743471586,913.2,895.3,3,11.65
534,393.0,107.40626118067978,108.81465517241375,192.0,8.924116743471586,94.6,785.6,3,19.2
535,393.0,107.40626118067978,108.81465517241375,192.0,8.924116743471586,94.6,785.6,9,48.85
536,393.0,107.40626118067978,108.81465517241375,192.0,8.924116743471586,94.6,785.6,28,39.65
537,48.0,107.40626118067978,108.81465517241375,192.0,8.924116743471586,936.2,712.2,28,43.94
538,48.0,107.40626118067978,108.81465517241375,192.0,8.924116743471586,936.2,712.2,7,34.57
539,48.0,107.40626118067978,108.81465517241375,192.0,8.924116743471586,936.2,712.2,9,54.32
540,48.0,107.40626118067978,108.81465517241375,192.0,8.924116743471586,936.2,712.2,3,24.45
541,333.0,107.40626118067978,108.81465517241375,192.0,8.924116743471586,931.2,842.6,3,15.62
542,255.0,107.40626118067978,108.81465517241375,192.0,8.924116743471586,889.8,945.0,9,21.86
543,255.0,107.40626118067978,108.81465517241375,192.0,8.924116743471586,889.8,945.0,7,1.22
544,289.0,107.40626118067978,108.81465517241375,192.0,8.924116743471586,913.2,895.3,7,14.6
545,255.0,107.40626118067978,108.81465517241375,192.0,8.924116743471586,889.8,945.0,28,18.75
546,333.0,107.40626118067978,108.81465517241375,192.0,8.924116743471586,931.2,842.6,28,31.97
547,333.0,107.40626118067978,108.81465517241375,192.0,8.924116743471586,931.2,842.6,7,23.45
548,289.0,107.40626118067978,108.81465517241375,192.0,8.924116743471586,913.2,895.3,28,25.57
549,333.0,107.40626118067978,108.81465517241375,192.0,8.924116743471586,931.2,842.6,9,41.68
550,393.0,107.40626118067978,108.81465517241375,192.0,8.924116743471586,94.6,785.6,7,27.74
551,255.0,107.40626118067978,108.81465517241375,192.0,8.924116743471586,889.8,945.0,3,8.25
552,158.8,238.2,108.81465517241375,185.7,8.924116743471586,14.6,734.3,7,9.62
554,238.2,158.8,108.81465517241375,185.7,8.924116743471586,14.6,734.3,7,15.69
555,181.9,272.8,108.81465517241375,185.7,8.924116743471586,112.4,714.3,28,27.94
556,193.5,29.2,108.81465517241375,185.7,8.924116743471586,998.2,74.3,28,32.63
557,255.5,17.3,108.81465517241375,185.7,8.924116743471586,126.6,724.3,7,17.24
558,272.8,181.9,108.81465517241375,185.7,8.924116743471586,112.4,714.3,7,19.77
560,22.8,147.2,108.81465517241375,185.7,8.924116743471586,155.0,744.3,28,25.75
561,397.0,107.40626118067978,108.81465517241375,185.7,8.924116743471586,14.6,734.3,28,33.82
562,382.5,107.40626118067978,108.81465517241375,185.7,8.924116743471586,147.8,739.3,7,24.65
564,158.8,238.2,108.81465517241375,185.7,8.924116743471586,14.6,734.3,28,21.66
565,295.8,107.40626118067978,108.81465517241375,185.7,8.924116743471586,191.4,769.3,7,14.84
566,255.5,17.3,108.81465517241375,185.7,8.924116743471586,126.6,724.3,28,32.52
567,23.5,135.7,108.81465517241375,185.7,8.924116743471586,176.2,759.3,7,11.96
568,397.0,107.40626118067978,108.81465517241375,185.7,8.924116743471586,14.6,734.3,7,25.45
569,381.4,107.40626118067978,108.81465517241375,185.7,8.924116743471586,114.6,784.3,28,22.49
570,295.8,107.40626118067978,108.81465517241375,185.7,8.924116743471586,191.4,769.3,28,25.22
572,22.8,147.2,108.81465517241375,185.7,8.924116743471586,155.0,744.3,7,13.89
573,316.1,21.7,108.81465517241375,185.7,8.924116743471586,977.0,689.3,28,38.73
574,135.7,23.5,108.81465517241375,185.7,8.924116743471586,176.2,759.3,7,7.57
575,238.1,107.40626118067978,108.81465517241375,185.7,8.924116743471586,1118.8,789.3,28,17.58
576,339.2,107.40626118067978,108.81465517241375,185.7,8.924116743471586,169.2,754.3,7,21.18
577,135.7,23.5,108.81465517241375,185.7,8.924116743471586,176.2,759.3,28,18.2
578,193.5,29.2,108.81465517241375,185.7,8.924116743471586,998.2,74.3,7,17.24
579,23.5,135.7,108.81465517241375,185.7,8.924116743471586,176.2,759.3,28,22.63
580,29.2,193.5,108.81465517241375,185.7,8.924116743471586,998.2,74.3,7,21.86
581,181.9,272.8,108.81465517241375,185.7,8.924116743471586,112.4,714.3,7,12.37
582,17.3,155.5,108.81465517241375,185.7,8.924116743471586,126.6,724.3,28,25.73
585,29.2,193.5,108.81465517241375,185.7,8.924116743471586,998.2,74.3,28,33.43
586,381.4,107.40626118067978,108.81465517241375,185.7,8.924116743471586,114.6,784.3,7,14.54
587,238.2,158.8,108.81465517241375,185.7,8.924116743471586,14.6,734.3,28,26.91
588,186.2,124.1,108.81465517241375,185.7,8.924116743471586,183.4,764.3,7,8.0
589,339.2,107.40626118067978,108.81465517241375,185.7,8.924116743471586,169.2,754.3,28,31.9
590,238.1,107.40626118067978,108.81465517241375,185.7,8.924116743471586,1118.8,789.3,7,1.34
591,252.5,107.40626118067978,108.81465517241375,185.7,8.924116743471586,1111.6,784.3,28,19.77
592,382.5,107.40626118067978,108.81465517241375,185.7,8.924116743471586,147.8,739.3,28,37.44
593,252.5,107.40626118067978,108.81465517241375,185.7,8.924116743471586,1111.6,784.3,7,11.48
594,316.1,21.7,108.81465517241375,185.7,8.924116743471586,977.0,689.3,7,24.44
595,186.2,124.1,108.81465517241375,185.7,8.924116743471586,183.4,764.3,28,17.6
596,17.3,155.5,108.81465517241375,185.7,8.924116743471586,126.6,724.3,7,1.73
597,272.8,181.9,108.81465517241375,185.7,8.924116743471586,112.4,714.3,28,31.38
598,339.0,107.40626118067978,108.81465517241375,197.0,8.924116743471586,968.0,781.0,3,13.22
599,339.0,107.40626118067978,108.81465517241375,197.0,8.924116743471586,968.0,781.0,7,2.97
600,339.0,107.40626118067978,108.81465517241375,197.0,8.924116743471586,968.0,781.0,14,27.41
601,339.0,107.40626118067978,108.81465517241375,197.0,8.924116743471586,968.0,781.0,28,32.4
602,339.0,107.40626118067978,108.81465517241375,197.0,8.924116743471586,968.0,781.0,9,35.17
603,339.0,107.40626118067978,108.81465517241375,197.0,8.924116743471586,968.0,781.0,18,36.45
605,236.0,107.40626118067978,108.81465517241375,194.0,8.924116743471586,968.0,885.0,3,6.47
606,236.0,107.40626118067978,108.81465517241375,194.0,8.924116743471586,968.0,885.0,14,12.84
607,236.0,107.40626118067978,108.81465517241375,194.0,8.924116743471586,968.0,885.0,28,18.42
608,236.0,107.40626118067978,108.81465517241375,194.0,8.924116743471586,968.0,885.0,9,21.95
609,236.0,107.40626118067978,108.81465517241375,193.0,8.924116743471586,968.0,885.0,18,24.15
611,277.0,107.40626118067978,108.81465517241375,191.0,8.924116743471586,968.0,856.0,14,21.26
612,277.0,107.40626118067978,108.81465517241375,191.0,8.924116743471586,968.0,856.0,28,25.97
613,277.0,107.40626118067978,108.81465517241375,191.0,8.924116743471586,968.0,856.0,3,11.36
614,277.0,107.40626118067978,108.81465517241375,191.0,8.924116743471586,968.0,856.0,9,31.25
615,277.0,107.40626118067978,108.81465517241375,191.0,8.924116743471586,968.0,856.0,18,32.33
616,277.0,107.40626118067978,108.81465517241375,191.0,8.924116743471586,968.0,856.0,36,33.72
617,254.0,107.40626118067978,108.81465517241375,198.0,8.924116743471586,968.0,863.0,3,9.38
618,254.0,107.40626118067978,108.81465517241375,198.0,8.924116743471586,968.0,863.0,9,26.94
619,254.0,107.40626118067978,108.81465517241375,198.0,8.924116743471586,968.0,863.0,18,27.63
621,37.0,107.40626118067978,108.81465517241375,193.0,8.924116743471586,968.0,812.0,18,34.49
623,37.0,107.40626118067978,108.81465517241375,193.0,8.924116743471586,968.0,812.0,3,12.54
624,37.0,107.40626118067978,108.81465517241375,193.0,8.924116743471586,968.0,812.0,28,27.54
625,37.0,107.40626118067978,108.81465517241375,193.0,8.924116743471586,968.0,812.0,9,32.92
626,236.0,107.40626118067978,108.81465517241375,193.0,8.924116743471586,968.0,885.0,7,10.0
627,2.0,107.40626118067978,108.81465517241375,18.0,8.924116743471586,1125.0,845.0,7,7.84
628,2.0,107.40626118067978,108.81465517241375,18.0,8.924116743471586,1125.0,845.0,28,12.25
629,225.0,107.40626118067978,108.81465517241375,181.0,8.924116743471586,1113.0,833.0,7,11.17
630,225.0,107.40626118067978,108.81465517241375,181.0,8.924116743471586,1113.0,833.0,28,17.34
631,325.0,107.40626118067978,108.81465517241375,184.0,8.924116743471586,163.0,783.0,7,17.54
632,325.0,107.40626118067978,108.81465517241375,184.0,8.924116743471586,163.0,783.0,28,3.57
633,275.0,107.40626118067978,108.81465517241375,183.0,8.924116743471586,188.0,88.0,7,14.23
634,275.0,107.40626118067978,108.81465517241375,183.0,8.924116743471586,188.0,88.0,28,24.5
635,3.0,107.40626118067978,108.81465517241375,184.0,8.924116743471586,175.0,795.0,7,15.58
636,3.0,107.40626118067978,108.81465517241375,184.0,8.924116743471586,175.0,795.0,28,26.85
637,375.0,107.40626118067978,108.81465517241375,186.0,8.924116743471586,138.0,758.0,7,26.62
638,375.0,107.40626118067978,108.81465517241375,186.0,8.924116743471586,138.0,758.0,28,38.22
639,4.0,107.40626118067978,108.81465517241375,187.0,8.924116743471586,125.0,745.0,28,43.7
640,4.0,107.40626118067978,108.81465517241375,187.0,8.924116743471586,125.0,745.0,7,3.14
641,25.0,107.40626118067978,108.81465517241375,182.0,8.924116743471586,11.0,82.0,7,12.73
642,25.0,107.40626118067978,108.81465517241375,182.0,8.924116743471586,11.0,82.0,28,2.87
643,35.0,107.40626118067978,108.81465517241375,186.0,8.924116743471586,15.0,77.0,7,2.28
644,35.0,107.40626118067978,108.81465517241375,186.0,8.924116743471586,15.0,77.0,28,34.29
645,23.5,35.3,108.81465517241375,23.5,8.924116743471586,963.4,63.0,7,19.54
646,25.2,166.8,108.81465517241375,23.5,8.924116743471586,977.6,694.1,9,47.71
647,157.0,236.0,108.81465517241375,192.0,8.924116743471586,935.4,781.2,9,43.38
648,141.3,212.0,108.81465517241375,23.5,8.924116743471586,971.8,748.5,28,29.89
649,166.8,25.2,108.81465517241375,23.5,8.924116743471586,975.6,692.6,3,6.92
650,122.6,183.9,108.81465517241375,23.5,8.924116743471586,958.2,8.1,9,33.19
651,183.9,122.6,108.81465517241375,23.5,8.924116743471586,959.2,8.0,3,4.94
652,12.0,153.0,108.81465517241375,192.0,8.924116743471586,887.0,942.0,3,4.57
653,12.0,153.0,108.81465517241375,192.0,8.924116743471586,887.0,942.0,9,25.47
654,122.6,183.9,108.81465517241375,23.5,8.924116743471586,958.2,8.1,28,24.3
655,166.8,25.2,108.81465517241375,23.5,8.924116743471586,975.6,692.6,28,33.95
656,2.0,133.0,108.81465517241375,192.0,8.924116743471586,965.4,86.2,3,11.41
657,18.3,162.4,108.81465517241375,23.5,8.924116743471586,938.2,849.0,28,2.59
658,35.3,23.5,108.81465517241375,23.5,8.924116743471586,965.4,631.0,7,25.89
659,18.3,162.4,108.81465517241375,23.5,8.924116743471586,938.2,849.0,9,29.23
660,116.0,173.0,108.81465517241375,192.0,8.924116743471586,99.8,891.9,9,31.24
661,230.37981744421856,212.0,108.81465517241375,23.5,8.924116743471586,971.8,748.5,7,1.39
662,157.0,236.0,108.81465517241375,192.0,8.924116743471586,935.4,781.2,28,33.66
663,133.0,2.0,108.81465517241375,192.0,8.924116743471586,927.4,839.2,28,27.87
664,25.2,166.8,108.81465517241375,23.5,8.924116743471586,977.6,694.1,7,19.35
665,173.0,116.0,108.81465517241375,192.0,8.924116743471586,946.8,856.8,7,11.39
668,153.0,12.0,108.81465517241375,192.0,8.924116743471586,888.0,943.1,3,4.78
669,288.0,192.0,108.81465517241375,192.0,8.924116743471586,932.0,717.8,3,16.2
670,35.3,23.5,108.81465517241375,23.5,8.924116743471586,965.4,631.0,28,43.38
671,236.0,157.0,108.81465517241375,192.0,8.924116743471586,972.6,749.1,7,2.42
672,173.0,116.0,108.81465517241375,192.0,8.924116743471586,946.8,856.8,3,6.95
673,212.0,141.3,108.81465517241375,23.5,8.924116743471586,973.4,75.0,7,15.36
674,236.0,157.0,108.81465517241375,192.0,8.924116743471586,972.6,749.1,3,13.57
675,183.9,122.6,108.81465517241375,23.5,8.924116743471586,959.2,8.0,9,32.53
676,166.8,25.2,108.81465517241375,23.5,8.924116743471586,975.6,692.6,7,15.75
677,12.0,153.0,108.81465517241375,192.0,8.924116743471586,887.0,942.0,7,7.68
678,288.0,192.0,108.81465517241375,192.0,8.924116743471586,932.0,717.8,28,38.84
679,212.0,141.3,108.81465517241375,23.5,8.924116743471586,973.4,75.0,28,33.38
680,12.0,153.0,108.81465517241375,192.0,8.924116743471586,887.0,942.0,28,17.28
681,173.0,116.0,108.81465517241375,192.0,8.924116743471586,946.8,856.8,28,24.28
682,183.9,122.6,108.81465517241375,23.5,8.924116743471586,959.2,8.0,28,24.46
683,133.0,2.0,108.81465517241375,192.0,8.924116743471586,927.4,839.2,9,36.59
685,133.0,2.0,108.81465517241375,192.0,8.924116743471586,927.4,839.2,7,13.66
686,35.3,23.5,108.81465517241375,23.5,8.924116743471586,965.4,631.0,3,14.14
687,236.0,157.0,108.81465517241375,192.0,8.924116743471586,972.6,749.1,9,47.78
688,18.3,162.4,108.81465517241375,23.5,8.924116743471586,938.2,849.0,3,2.33
689,157.0,236.0,108.81465517241375,192.0,8.924116743471586,935.4,781.2,7,16.89
690,288.0,192.0,108.81465517241375,192.0,8.924116743471586,932.0,717.8,7,23.52
691,212.0,141.3,108.81465517241375,23.5,8.924116743471586,973.4,75.0,3,6.89
692,212.0,141.3,108.81465517241375,23.5,8.924116743471586,973.4,75.0,9,39.73
693,153.0,12.0,108.81465517241375,192.0,8.924116743471586,888.0,943.1,28,17.96
694,236.0,157.0,108.81465517241375,192.0,8.924116743471586,972.6,749.1,28,32.88
695,116.0,173.0,108.81465517241375,192.0,8.924116743471586,99.8,891.9,28,22.35
696,183.9,122.6,108.81465517241375,23.5,8.924116743471586,959.2,8.0,7,1.79
697,18.3,162.4,108.81465517241375,23.5,8.924116743471586,938.2,849.0,7,7.72
698,23.5,35.3,108.81465517241375,23.5,8.924116743471586,963.4,63.0,28,41.68
699,23.5,35.3,108.81465517241375,23.5,8.924116743471586,963.4,63.0,3,9.56
700,133.0,2.0,108.81465517241375,192.0,8.924116743471586,927.4,839.2,3,6.88
701,288.0,192.0,108.81465517241375,192.0,8.924116743471586,932.0,717.8,9,5.53
702,2.0,133.0,108.81465517241375,192.0,8.924116743471586,965.4,86.2,7,17.17
703,2.0,133.0,108.81465517241375,192.0,8.924116743471586,965.4,86.2,28,3.44
704,25.2,166.8,108.81465517241375,23.5,8.924116743471586,977.6,694.1,3,9.73
705,122.6,183.9,108.81465517241375,23.5,8.924116743471586,958.2,8.1,3,3.32
706,153.0,12.0,108.81465517241375,192.0,8.924116743471586,888.0,943.1,9,26.32
707,2.0,133.0,108.81465517241375,192.0,8.924116743471586,965.4,86.2,9,43.26
708,116.0,173.0,108.81465517241375,192.0,8.924116743471586,99.8,891.9,3,6.28
709,173.0,116.0,108.81465517241375,192.0,8.924116743471586,946.8,856.8,9,32.13
710,25.2,166.8,108.81465517241375,23.5,8.924116743471586,977.6,694.1,28,36.96
711,35.3,23.5,108.81465517241375,23.5,8.924116743471586,965.4,631.0,9,54.6
713,157.0,236.0,108.81465517241375,192.0,8.924116743471586,935.4,781.2,3,9.69
714,153.0,12.0,108.81465517241375,192.0,8.924116743471586,888.0,943.1,7,8.37
715,141.3,212.0,108.81465517241375,23.5,8.924116743471586,971.8,748.5,9,39.66
717,141.3,212.0,108.81465517241375,23.5,8.924116743471586,971.8,748.5,3,4.83
718,122.6,183.9,108.81465517241375,23.5,8.924116743471586,958.2,8.1,7,1.35
719,166.8,25.2,108.81465517241375,23.5,8.924116743471586,975.6,692.6,9,43.57
720,23.5,35.3,108.81465517241375,23.5,8.924116743471586,963.4,63.0,9,51.86
721,31.0,107.40626118067978,108.81465517241375,192.0,8.924116743471586,112.0,83.0,3,11.85
722,31.0,107.40626118067978,108.81465517241375,192.0,8.924116743471586,112.0,83.0,7,17.24
723,31.0,107.40626118067978,108.81465517241375,192.0,8.924116743471586,112.0,83.0,28,27.83
724,31.0,107.40626118067978,108.81465517241375,192.0,8.924116743471586,112.0,83.0,9,35.76
725,31.0,107.40626118067978,108.81465517241375,192.0,8.924116743471586,112.0,83.0,12,38.73
726,331.0,107.40626118067978,108.81465517241375,192.0,8.924116743471586,125.0,821.0,3,14.37
727,331.0,107.40626118067978,108.81465517241375,192.0,8.924116743471586,125.0,821.0,7,17.44
728,331.0,107.40626118067978,108.81465517241375,192.0,8.924116743471586,125.0,821.0,28,31.74
729,331.0,107.40626118067978,108.81465517241375,192.0,8.924116743471586,125.0,821.0,9,37.91
730,331.0,107.40626118067978,108.81465517241375,192.0,8.924116743471586,125.0,821.0,12,39.38
731,349.0,107.40626118067978,108.81465517241375,192.0,8.924116743471586,156.0,89.0,3,15.87
732,349.0,107.40626118067978,108.81465517241375,192.0,8.924116743471586,156.0,89.0,7,9.11
733,349.0,107.40626118067978,108.81465517241375,192.0,8.924116743471586,156.0,89.0,28,33.66
734,349.0,107.40626118067978,108.81465517241375,192.0,8.924116743471586,156.0,89.0,9,4.66
735,349.0,107.40626118067978,108.81465517241375,192.0,8.924116743471586,156.0,89.0,12,4.86
736,238.0,107.40626118067978,108.81465517241375,186.0,8.924116743471586,1119.0,789.0,7,12.52
737,238.0,107.40626118067978,108.81465517241375,186.0,8.924116743471586,1119.0,789.0,28,17.54
738,296.0,107.40626118067978,108.81465517241375,186.0,8.924116743471586,19.0,769.0,7,18.91
739,296.0,107.40626118067978,108.81465517241375,186.0,8.924116743471586,19.0,769.0,28,25.18
740,297.0,107.40626118067978,108.81465517241375,186.0,8.924116743471586,14.0,734.0,7,3.96
741,48.0,107.40626118067978,108.81465517241375,192.0,8.924116743471586,936.0,721.0,28,43.89
742,48.0,107.40626118067978,108.81465517241375,192.0,8.924116743471586,936.0,721.0,9,54.28
743,397.0,107.40626118067978,108.81465517241375,186.0,8.924116743471586,14.0,734.0,28,36.94
744,281.0,107.40626118067978,108.81465517241375,186.0,8.924116743471586,114.0,774.0,7,14.5
745,281.0,107.40626118067978,108.81465517241375,185.0,8.924116743471586,114.0,774.0,28,22.44
746,5.0,107.40626118067978,108.81465517241375,2.0,8.924116743471586,1125.0,613.0,1,12.64
747,5.0,107.40626118067978,108.81465517241375,2.0,8.924116743471586,1125.0,613.0,3,26.62
748,5.0,107.40626118067978,108.81465517241375,2.0,8.924116743471586,1125.0,613.0,7,33.21
749,5.0,107.40626118067978,108.81465517241375,2.0,8.924116743471586,1125.0,613.0,14,36.94
750,5.0,107.40626118067978,108.81465517241375,2.0,8.924116743471586,1125.0,613.0,28,44.92
751,54.0,107.40626118067978,108.81465517241375,173.0,8.924116743471586,1125.0,613.0,7,52.61
752,54.0,107.40626118067978,108.81465517241375,173.0,8.924116743471586,1125.0,613.0,14,59.76
753,54.0,107.40626118067978,108.81465517241375,173.0,8.924116743471586,1125.0,613.0,28,67.37
754,54.0,107.40626118067978,108.81465517241375,173.0,8.924116743471586,1125.0,613.0,9,69.66
755,54.0,107.40626118067978,108.81465517241375,173.0,8.924116743471586,1125.0,613.0,18,71.62
756,54.0,107.40626118067978,108.81465517241375,173.0,8.924116743471586,1125.0,613.0,27,74.17
757,35.0,107.40626118067978,108.81465517241375,23.0,8.924116743471586,974.0,775.0,7,18.13
758,35.0,107.40626118067978,108.81465517241375,23.0,8.924116743471586,974.0,775.0,14,22.53
759,35.0,107.40626118067978,108.81465517241375,23.0,8.924116743471586,974.0,775.0,28,27.34
760,35.0,107.40626118067978,108.81465517241375,23.0,8.924116743471586,974.0,775.0,56,29.98
761,35.0,107.40626118067978,108.81465517241375,23.0,8.924116743471586,974.0,775.0,9,31.35
762,35.0,107.40626118067978,108.81465517241375,23.0,8.924116743471586,974.0,775.0,18,32.72
763,385.0,107.40626118067978,108.81465517241375,186.0,8.924116743471586,966.0,763.0,1,6.27
764,385.0,107.40626118067978,108.81465517241375,186.0,8.924116743471586,966.0,763.0,3,14.7
765,385.0,107.40626118067978,108.81465517241375,186.0,8.924116743471586,966.0,763.0,7,23.22
766,385.0,107.40626118067978,108.81465517241375,186.0,8.924116743471586,966.0,763.0,14,27.92
767,385.0,107.40626118067978,108.81465517241375,186.0,8.924116743471586,966.0,763.0,28,31.35
768,331.0,107.40626118067978,108.81465517241375,192.0,8.924116743471586,978.0,825.0,18,39.0
769,331.0,107.40626118067978,108.81465517241375,192.0,8.924116743471586,978.0,825.0,36,41.24
770,349.0,107.40626118067978,108.81465517241375,192.0,8.924116743471586,147.0,86.0,3,14.99
771,331.0,107.40626118067978,108.81465517241375,192.0,8.924116743471586,978.0,825.0,3,13.53
772,382.0,107.40626118067978,108.81465517241375,186.0,8.924116743471586,147.0,739.0,7,24.66
773,382.0,107.40626118067978,108.81465517241375,186.0,8.924116743471586,147.0,739.0,28,37.42
774,382.0,107.40626118067978,108.81465517241375,186.0,8.924116743471586,1111.0,784.0,7,11.47
775,281.0,107.40626118067978,108.81465517241375,186.0,8.924116743471586,114.0,774.0,28,22.44
776,339.0,107.40626118067978,108.81465517241375,185.0,8.924116743471586,169.0,754.0,7,21.16
777,339.0,107.40626118067978,108.81465517241375,185.0,8.924116743471586,169.0,754.0,28,31.84
778,295.0,107.40626118067978,108.81465517241375,185.0,8.924116743471586,169.0,769.0,7,14.8
779,295.0,107.40626118067978,108.81465517241375,185.0,8.924116743471586,169.0,769.0,28,25.18
780,238.0,107.40626118067978,108.81465517241375,185.0,8.924116743471586,1118.0,789.0,28,17.54
781,296.0,107.40626118067978,108.81465517241375,192.0,8.924116743471586,185.0,765.0,7,14.23
782,296.0,107.40626118067978,108.81465517241375,192.0,8.924116743471586,185.0,765.0,28,21.65
783,296.0,107.40626118067978,108.81465517241375,192.0,8.924116743471586,185.0,765.0,9,29.39
784,331.0,107.40626118067978,108.81465517241375,192.0,8.924116743471586,879.0,825.0,3,13.53
785,331.0,107.40626118067978,108.81465517241375,192.0,8.924116743471586,978.0,825.0,7,16.26
786,331.0,107.40626118067978,108.81465517241375,192.0,8.924116743471586,978.0,825.0,28,31.45
787,331.0,107.40626118067978,108.81465517241375,192.0,8.924116743471586,978.0,825.0,9,37.23
788,349.0,107.40626118067978,108.81465517241375,192.0,8.924116743471586,147.0,86.0,7,18.13
789,349.0,107.40626118067978,108.81465517241375,192.0,8.924116743471586,147.0,86.0,28,32.72
790,349.0,107.40626118067978,108.81465517241375,192.0,8.924116743471586,147.0,86.0,9,39.49
791,349.0,107.40626118067978,108.81465517241375,192.0,8.924116743471586,147.0,86.0,18,41.51
792,349.0,107.40626118067978,108.81465517241375,192.0,8.924116743471586,147.0,86.0,36,42.13
793,32.0,107.40626118067978,108.81465517241375,23.0,8.924116743471586,974.0,817.0,14,18.13
794,32.0,107.40626118067978,108.81465517241375,23.0,8.924116743471586,974.0,817.0,18,26.74
795,525.0,107.40626118067978,108.81465517241375,189.0,8.924116743471586,1125.0,613.0,18,61.92
796,5.0,107.40626118067978,108.81465517241375,2.0,8.924116743471586,1125.0,613.0,9,47.22
797,5.0,107.40626118067978,108.81465517241375,2.0,8.924116743471586,1125.0,613.0,18,51.42
798,5.0,107.40626118067978,108.81465517241375,2.0,8.924116743471586,1125.0,613.0,27,55.16
799,54.0,107.40626118067978,108.81465517241375,173.0,8.924116743471586,1125.0,613.0,3,41.64
800,252.0,107.40626118067978,108.81465517241375,185.0,8.924116743471586,1111.0,784.0,7,13.71
801,252.0,107.40626118067978,108.81465517241375,185.0,8.924116743471586,1111.0,784.0,28,19.69
802,339.0,107.40626118067978,108.81465517241375,185.0,8.924116743471586,16.0,754.0,28,31.65
803,393.0,107.40626118067978,108.81465517241375,192.0,8.924116743471586,94.0,758.0,3,19.15
804,393.0,107.40626118067978,108.81465517241375,192.0,8.924116743471586,94.0,758.0,28,39.58
805,393.0,107.40626118067978,108.81465517241375,192.0,8.924116743471586,94.0,758.0,9,48.79
806,382.0,107.40626118067978,108.81465517241375,185.0,8.924116743471586,147.0,739.0,7,24.66
807,382.0,107.40626118067978,108.81465517241375,185.0,8.924116743471586,147.0,739.0,28,37.42
808,252.0,107.40626118067978,108.81465517241375,186.0,8.924116743471586,1111.0,784.0,7,11.47
809,252.0,107.40626118067978,108.81465517241375,185.0,8.924116743471586,1111.0,784.0,28,19.69
810,31.0,107.40626118067978,108.81465517241375,192.0,8.924116743471586,97.0,85.0,7,14.99
811,31.0,107.40626118067978,108.81465517241375,192.0,8.924116743471586,97.0,85.0,28,27.92
812,31.0,107.40626118067978,108.81465517241375,192.0,8.924116743471586,97.0,85.0,9,34.69
813,31.0,107.40626118067978,108.81465517241375,192.0,8.924116743471586,97.0,85.0,18,37.33
814,31.0,107.40626118067978,108.81465517241375,192.0,8.924116743471586,97.0,85.0,36,38.11
815,525.0,107.40626118067978,108.81465517241375,189.0,8.924116743471586,1125.0,613.0,3,33.8
816,525.0,107.40626118067978,108.81465517241375,189.0,8.924116743471586,1125.0,613.0,7,42.42
817,525.0,107.40626118067978,108.81465517241375,189.0,8.924116743471586,1125.0,613.0,14,48.41
818,525.0,107.40626118067978,108.81465517241375,189.0,8.924116743471586,1125.0,613.0,28,55.94
819,525.0,107.40626118067978,108.81465517241375,189.0,8.924116743471586,1125.0,613.0,9,58.78
820,525.0,107.40626118067978,108.81465517241375,189.0,8.924116743471586,1125.0,613.0,27,67.11
821,322.0,107.40626118067978,108.81465517241375,23.0,8.924116743471586,974.0,8.0,14,2.77
822,322.0,107.40626118067978,108.81465517241375,23.0,8.924116743471586,974.0,8.0,28,25.18
823,322.0,107.40626118067978,108.81465517241375,23.0,8.924116743471586,974.0,8.0,18,29.59
824,32.0,107.40626118067978,108.81465517241375,23.0,8.924116743471586,974.0,817.0,28,21.75
825,397.0,107.40626118067978,108.81465517241375,185.0,8.924116743471586,14.0,734.0,28,39.93
826,48.0,107.40626118067978,108.81465517241375,192.0,8.924116743471586,936.0,721.0,3,24.39
827,522.0,107.40626118067978,108.81465517241375,146.0,8.924116743471586,896.0,896.0,7,5.51
828,522.0,107.40626118067978,108.81465517241375,146.0,8.924116743471586,896.0,896.0,28,74.99
829,273.0,15.0,82.0,21.0,9.0,94.0,68.0,28,37.17
830,162.0,19.0,148.0,179.0,19.0,838.0,741.0,28,33.76
831,154.0,144.0,112.0,22.0,1.0,923.0,658.0,28,16.5
832,147.0,115.0,89.0,22.0,9.0,86.0,829.0,28,19.99
833,152.0,178.0,139.0,168.0,18.0,944.0,695.0,28,36.35
835,144.0,107.40626118067978,175.0,158.0,18.0,943.0,844.0,28,15.42
836,34.0,14.0,108.81465517241375,214.0,6.0,895.0,722.0,28,33.42
837,374.0,107.40626118067978,108.81465517241375,19.0,7.0,113.0,73.0,28,39.52
838,159.0,149.0,116.0,175.0,15.0,953.0,72.0,28,27.68
839,153.0,239.0,108.81465517241375,2.0,6.0,12.0,684.0,28,26.86
840,31.0,143.0,108.81465517241375,168.0,1.0,914.0,84.0,28,45.3
842,151.0,107.40626118067978,184.0,167.0,12.0,991.0,772.0,28,15.57
843,142.0,167.0,13.0,174.0,11.0,883.0,785.0,28,44.7
844,298.0,137.0,17.0,21.0,6.0,878.0,655.0,28,53.52
845,321.0,107.40626118067978,108.81465517241375,19.0,5.0,87.0,774.0,28,57.21
846,366.0,187.0,108.81465517241375,191.0,7.0,824.0,757.0,28,65.97
848,252.0,97.0,76.0,194.0,8.0,835.0,821.0,28,33.4
849,165.0,107.40626118067978,15.0,182.0,12.0,123.0,729.0,28,18.3
850,156.0,243.0,108.81465517241375,18.0,11.0,122.0,698.0,28,37.36
851,16.0,188.0,146.0,23.0,11.0,829.0,71.0,28,32.84
852,298.0,107.40626118067978,17.0,186.0,6.0,879.0,815.0,28,42.64
853,318.0,107.40626118067978,126.0,21.0,6.0,861.0,737.0,28,4585556.0
854,287.0,121.0,94.0,188.0,9.0,94.0,696.0,28,41.95
855,326.0,166.0,108.81465517241375,174.0,9.0,882.0,79.0,28,61.23
856,356.0,107.40626118067978,142.0,193.0,11.0,81.0,778.0,28,4.87
857,132.0,27.0,161.0,179.0,5.0,867.0,736.0,28,33.32
858,322.0,149.0,108.81465517241375,186.0,8.0,951.0,79.0,28,52.43
860,314.0,107.40626118067978,113.0,17.0,1.0,925.0,783.0,28,38.46
861,321.0,107.40626118067978,128.0,182.0,11.0,87.0,78.0,28,37.26
862,14.0,164.0,128.0,237.0,6.0,869.0,656.0,28,35.23
863,288.0,121.0,108.81465517241375,177.0,7.0,98.0,829.0,28,42.13
864,298.0,107.40626118067978,17.0,21.0,11.0,88.0,744.0,28,31.87
865,265.0,111.0,86.0,195.0,6.0,833.0,79.0,28,41.55
866,16.0,25.0,108.81465517241375,168.0,12.0,149.0,688.0,28,39.45
867,166.0,26.0,108.81465517241375,183.0,13.0,859.0,827.0,28,37.91
869,322.0,107.40626118067978,116.0,196.0,1.0,818.0,813.0,28,31.18
870,149.0,139.0,19.0,193.0,6.0,892.0,78.0,28,23.69
871,159.0,187.0,108.81465517241375,176.0,11.0,99.0,789.0,28,32.76
872,261.0,1.0,78.0,21.0,9.0,864.0,761.0,28,32.4
873,237.0,92.0,71.0,247.0,6.0,853.0,695.0,28,28.63
874,313.0,107.40626118067978,113.0,178.0,8.0,12.0,689.0,28,36.84
875,155.0,183.0,108.81465517241375,193.0,9.0,147.0,697.0,28,18.28
876,146.0,23.0,108.81465517241375,22.0,3.0,827.0,872.0,28,33.64
877,296.0,107.40626118067978,17.0,221.0,11.0,819.0,778.0,28,31.42
878,133.0,21.0,108.81465517241375,196.0,3.0,949.0,795.0,28,31.26
879,313.0,145.0,108.81465517241375,178.0,8.0,867.0,824.0,28,44.39
880,152.0,107.40626118067978,112.0,184.0,8.0,992.0,816.0,28,12.18
881,153.0,145.0,113.0,178.0,8.0,12.0,689.0,28,25.56
882,14.0,133.0,13.0,2.0,7.0,916.0,753.0,28,36.44
883,149.0,236.0,108.81465517241375,176.0,13.0,847.0,893.0,28,32.96
884,3.0,107.40626118067978,12.0,212.0,1.0,878.0,728.0,28,23.84
885,153.0,145.0,113.0,178.0,8.0,867.0,824.0,28,26.23
886,148.0,107.40626118067978,137.0,158.0,16.0,12.0,83.0,28,17.95
887,326.0,107.40626118067978,138.0,199.0,11.0,81.0,792.0,28,4.68
888,153.0,145.0,108.81465517241375,178.0,8.0,1.0,822.0,28,19.89
889,262.0,111.0,86.0,195.0,5.0,895.0,733.0,28,33.72
890,158.0,107.40626118067978,195.0,22.0,11.0,898.0,713.0,28,8.54
891,151.0,107.40626118067978,185.0,167.0,16.0,174.0,678.0,28,13.46
893,149.0,118.0,92.0,183.0,7.0,953.0,78.0,28,23.52
894,143.0,169.0,143.0,191.0,8.0,967.0,643.0,28,29.72
895,26.0,11.0,78.0,171.0,1.0,936.0,763.0,28,49.77
896,313.0,161.0,108.81465517241375,178.0,1.0,917.0,759.0,28,52.44
897,284.0,12.0,108.81465517241375,168.0,7.0,97.0,794.0,28,4.93
898,336.0,107.40626118067978,108.81465517241375,182.0,3.0,986.0,817.0,28,44.86
899,145.0,107.40626118067978,134.0,181.0,11.0,979.0,812.0,28,13.2
900,15.0,237.0,108.81465517241375,174.0,12.0,169.0,675.0,28,37.43
901,144.0,17.0,133.0,192.0,8.0,814.0,85.0,28,29.87
902,331.0,17.0,108.81465517241375,195.0,8.0,811.0,82.0,28,56.61
903,155.0,107.40626118067978,143.0,193.0,9.0,147.0,697.0,28,12.46
904,155.0,107.40626118067978,108.81465517241375,193.0,9.0,877.0,868.0,28,23.79
905,135.0,107.40626118067978,166.0,18.0,1.0,961.0,85.0,28,13.29
906,266.0,112.0,87.0,178.0,1.0,91.0,745.0,28,39.42
907,314.0,145.0,113.0,179.0,8.0,869.0,69.0,28,46.23
908,313.0,145.0,108.81465517241375,127.0,8.0,1.0,822.0,28,44.52
909,146.0,173.0,108.81465517241375,182.0,3.0,986.0,817.0,28,23.74
910,144.0,136.0,16.0,178.0,7.0,941.0,774.0,28,26.14
911,148.0,107.40626118067978,182.0,181.0,15.0,839.0,884.0,28,15.52
912,230.37981744421856,117.0,91.0,191.0,7.0,946.0,666.0,28,43.57
913,230.37981744421856,107.40626118067978,17.0,164.0,13.0,953.0,784.0,28,35.86
914,230.37981744421856,145.0,108.81465517241375,178.0,8.0,12.0,689.0,28,41.51
915,230.37981744421856,184.0,143.0,194.0,9.0,88.0,699.0,28,28.99
916,230.37981744421856,134.0,108.81465517241375,195.0,6.0,924.0,76.0,28,46.24
917,148.0,175.0,108.81465517241375,171.0,2.0,1.0,828.0,28,26.92
918,145.0,107.40626118067978,179.0,22.0,8.0,824.0,869.0,28,1.54
919,313.0,107.40626118067978,108.81465517241375,178.0,8.0,1.0,822.0,28,25.97
920,136.0,162.0,126.0,172.0,1.0,923.0,764.0,28,29.68
921,155.0,107.40626118067978,143.0,193.0,9.0,877.0,868.0,28,9.74
922,255.0,99.0,77.0,189.0,6.0,919.0,749.0,28,33.8
923,162.0,27.0,172.0,216.0,1.0,822.0,638.0,28,39.84
924,136.0,196.0,98.0,199.0,6.0,847.0,783.0,28,26.97
925,164.0,163.0,128.0,197.0,8.0,961.0,641.0,28,27.23
926,162.0,214.0,164.0,22.0,1.0,82.0,68.0,28,3.65
927,157.0,214.0,152.0,2.0,9.0,819.0,74.0,28,33.53
928,149.0,153.0,194.0,192.0,8.0,935.0,623.0,28,24.58
929,135.0,15.0,193.0,196.0,6.0,965.0,643.0,28,21.91
930,159.0,29.0,161.0,21.0,7.0,848.0,669.0,28,3.88
931,144.0,15.0,195.0,176.0,6.0,121.0,79.0,28,15.35
932,154.0,174.0,185.0,228.0,7.0,845.0,612.0,28,24.34
933,167.0,187.0,195.0,185.0,7.0,898.0,636.0,28,23.89
934,184.0,86.0,19.0,213.0,6.0,923.0,623.0,28,22.93
935,156.0,178.0,187.0,221.0,7.0,854.0,614.0,28,29.41
936,236.9,91.7,71.5,246.9,6.0,852.9,695.4,28,28.63
937,313.3,107.40626118067978,113.0,178.5,8.0,11.9,688.7,28,36.85
938,154.8,183.4,108.81465517241375,193.3,9.1,147.4,696.7,28,18.29
939,145.9,23.5,108.81465517241375,22.5,3.4,827.0,871.8,28,32.72
940,296.0,107.40626118067978,16.7,221.4,1.5,819.2,778.4,28,31.42
941,133.1,21.2,108.81465517241375,195.7,3.1,949.4,795.3,28,28.94
942,313.3,145.0,108.81465517241375,178.5,8.0,867.2,824.0,28,4.93
943,151.6,107.40626118067978,111.9,184.4,7.9,992.0,815.9,28,12.19
944,153.1,145.0,113.0,178.5,8.0,11.9,688.7,28,25.56
945,139.9,132.6,13.3,2.3,7.4,916.0,753.4,28,36.44
946,149.5,236.0,108.81465517241375,175.8,12.6,846.8,892.7,28,32.96
947,299.8,107.40626118067978,119.8,211.5,9.9,878.2,727.6,28,23.84
948,153.1,145.0,113.0,178.5,8.0,867.2,824.0,28,26.23
949,148.1,107.40626118067978,136.6,158.1,16.1,11.8,83.1,28,17.96
950,326.5,107.40626118067978,137.9,199.0,1.8,81.1,792.5,28,38.64
951,152.7,144.7,108.81465517241375,178.1,8.0,999.7,822.2,28,19.95
952,261.9,11.5,86.1,195.4,5.0,895.2,732.6,28,33.72
953,158.4,107.40626118067978,194.9,219.7,11.0,897.7,712.9,28,8.54
954,15.7,107.40626118067978,185.3,166.7,15.6,174.5,678.0,28,13.46
955,272.6,107.40626118067978,89.6,198.7,1.6,931.3,762.2,28,32.25
956,149.0,117.6,91.7,182.9,7.1,953.4,78.3,28,23.52
957,143.0,169.4,142.7,19.7,8.4,967.4,643.5,28,29.73
958,259.9,1.6,78.4,17.6,1.4,935.7,762.9,28,49.77
959,312.9,16.5,108.81465517241375,177.6,9.6,916.6,759.5,28,52.45
960,284.0,119.7,108.81465517241375,168.3,7.2,97.4,794.2,28,4.93
961,336.5,107.40626118067978,108.81465517241375,181.9,3.4,985.8,816.8,28,44.87
962,144.8,107.40626118067978,133.6,18.8,11.1,979.5,811.5,28,13.23
963,230.37981744421856,107.40626118067978,108.81465517241375,173.8,11.9,169.3,674.8,28,37.43
964,143.7,107.40626118067978,132.6,191.6,8.5,814.1,85.3,28,29.88
965,33.5,169.6,108.81465517241375,194.9,8.1,811.0,82.3,28,56.62
966,154.8,107.40626118067978,142.8,193.3,9.1,147.4,696.7,28,12.46
967,154.8,183.4,108.81465517241375,193.3,9.1,877.2,867.7,28,23.79
968,134.7,107.40626118067978,165.7,18.2,1.0,961.0,84.9,28,13.29
969,266.2,112.3,87.5,177.9,1.4,99.7,744.5,28,39.42
970,314.0,145.3,113.2,178.9,8.0,869.1,69.2,28,46.23
971,312.7,144.7,108.81465517241375,127.3,8.0,999.7,822.2,28,44.52
972,145.7,172.6,108.81465517241375,181.9,3.4,985.8,816.8,28,23.74
973,143.8,136.3,16.2,178.1,7.5,941.5,774.3,28,26.15
974,148.1,107.40626118067978,182.1,181.4,15.0,838.9,884.3,28,15.53
975,277.0,116.8,91.0,19.6,7.0,946.5,665.6,28,43.58
976,298.1,107.40626118067978,17.5,163.6,12.8,953.2,784.0,28,35.87
977,313.3,145.0,108.81465517241375,178.5,8.0,11.9,688.7,28,41.53
978,155.2,183.9,143.2,193.8,9.2,879.6,698.5,28,28.99
979,289.0,133.7,108.81465517241375,194.9,5.5,924.1,76.1,28,46.25
980,147.8,175.1,108.81465517241375,171.2,2.2,1.0,828.5,28,26.92
981,145.4,107.40626118067978,178.9,21.7,7.8,824.0,868.7,28,1.54
982,312.7,107.40626118067978,108.81465517241375,178.1,8.0,999.7,822.2,28,25.14
983,136.4,161.6,125.8,171.6,1.4,922.6,764.4,28,29.73
984,154.8,107.40626118067978,142.8,193.3,9.1,877.2,867.7,28,9.74
985,255.3,98.8,77.0,188.6,6.5,919.0,749.3,28,33.8
986,272.8,15.1,81.8,29.7,9.0,94.0,679.7,28,37.17
987,162.0,19.1,148.1,178.8,18.8,838.1,741.4,28,33.76
988,153.6,144.2,112.3,22.1,1.1,923.2,657.9,28,16.54
989,146.5,114.6,89.3,21.9,8.8,86.0,829.5,28,19.99
990,151.8,107.40626118067978,138.7,167.5,18.3,944.0,694.6,28,36.35
992,143.6,107.40626118067978,174.9,158.4,17.9,942.7,844.5,28,15.42
993,33.6,139.9,108.81465517241375,213.5,6.2,895.5,722.5,28,33.42
994,374.3,107.40626118067978,108.81465517241375,19.2,6.7,113.2,73.4,28,39.57
995,158.6,148.9,116.0,175.1,15.0,953.3,719.7,28,27.68
996,152.6,238.7,108.81465517241375,2.0,6.3,11.8,683.9,28,26.86
997,31.0,142.8,108.81465517241375,167.9,1.0,914.3,84.0,28,45.35
998,34.8,107.40626118067978,99.6,196.0,9.8,959.4,75.2,28,3.12
999,15.9,107.40626118067978,183.9,166.6,11.6,991.2,772.2,28,15.57
1000,141.9,166.6,129.7,173.5,1.9,882.6,785.3,28,44.61
1001,297.8,137.2,16.9,21.3,6.0,878.4,655.3,28,53.52
1002,321.3,164.2,108.81465517241375,19.5,4.6,87.0,774.0,28,57.22
1003,366.0,187.0,108.81465517241375,191.3,6.6,824.3,756.9,28,66.0
1005,252.1,97.1,75.6,193.8,8.3,835.5,821.4,28,33.4
1006,164.6,107.40626118067978,15.4,181.6,11.7,123.3,728.9,28,18.34
1007,155.6,243.5,108.81465517241375,18.3,1.7,122.0,697.7,28,37.36
1008,16.2,188.0,146.4,23.2,11.3,828.7,79.7,28,35.31
1009,298.1,107.40626118067978,17.0,186.4,6.1,879.0,815.2,28,42.64
1010,317.9,107.40626118067978,126.5,29.7,5.7,86.5,736.6,28,462298.0
1011,287.3,12.5,93.9,187.6,9.2,94.4,695.9,28,43.8
1012,325.6,166.4,108.81465517241375,174.0,8.9,881.6,79.0,28,61.24
1013,355.9,107.40626118067978,141.6,193.3,11.0,81.4,778.4,28,4.87
1014,132.0,26.5,16.9,178.9,5.5,866.9,735.6,28,33.37
1015,322.5,148.6,108.81465517241375,185.8,8.5,951.0,79.5,28,52.43
1017,313.8,107.40626118067978,112.6,169.9,1.1,925.3,782.9,28,38.46
1018,321.4,107.40626118067978,127.9,182.5,11.5,87.1,779.7,28,37.27
1019,139.7,163.9,127.7,236.7,5.8,868.6,655.6,28,35.23
1020,288.4,121.0,108.81465517241375,177.4,7.0,97.9,829.5,28,42.15
1021,298.2,107.40626118067978,17.0,29.7,11.1,879.6,744.2,28,31.88
1022,264.5,111.0,86.5,195.5,5.9,832.6,79.4,28,41.54
1023,159.8,25.0,108.81465517241375,168.4,12.2,149.3,688.2,28,39.46
1024,166.0,259.7,108.81465517241375,183.2,12.7,858.8,826.8,28,37.92
1026,322.2,107.40626118067978,115.6,196.0,1.4,817.9,813.4,28,31.18
1027,148.5,139.4,18.6,192.7,6.1,892.4,78.0,28,23.7
1028,159.1,186.7,108.81465517241375,175.6,11.3,989.6,788.9,28,32.77
1029,26.9,1.5,78.3,2.6,8.6,864.5,761.5,28,32.41
